Workbook
Name SlicerCache_Table_1_Col_1: #N/A
Name SlicerCache_Table_1_Col_11: #N/A
Name SlicerCache_Table_1_Col_12: #N/A
Name SlicerCache_Table_1_Col_13: #N/A
Name SlicerCache_Table_1_Col_2: #N/A
Name SlicerCache_Table_1_Col_3: #N/A

Sheet Data Summary
M1: #REF!
M5: #REF!
M9: #REF!
M13: Grade | N13: 0
M14: I feel safer riding a bike. | N14: 0
M15: Was the PE teacher present during class? | N15: #REF!
M16: Where was the class conducted? | N16: #REF!
M17: Date | N17: (All)
M18: School | N18: 0
M19: Age | N19: 0
M20: Activity (Rodeo or ABC) | N20: #N/A
N22: Would you recommend today’s class to your friends?
N23: 0
M24: COUNT of Would you recommend today’s class to your friends? | N24: 1

Sheet Intermediate Data >>

Sheet Working Data (DONT EDIT)
A1: ='Student Surveys'!B2 -> Date | B1: ='Student Surveys'!C2 -> School | C1: ='Student Surveys'!D2 -> Grade | D1: ='Student Surveys'!E2 -> Age | E1: ='Student Surveys'!F2 -> I feel safer riding a bike. | F1: ='Student Surveys'!G2 -> I feel more excited about biking. | G1: ='Student Surveys'!H2 -> I'd go to another biking class like this in the future. | H1: ='Student Surveys'!I2 -> Today’s class taught me | ... J1: ='Student Surveys'!K2 -> Today’s class made me feel | K1: Activity (Rodeo or ABC) | L1: Was the PE teacher present during class? | M1: Where was the class conducted?
A2: ='Student Surveys'!B3 -> 0 | B2: ='Student Surveys'!C3 -> 0 | C2: ='Student Surveys'!D3 -> 0 | D2: ='Student Surveys'!E3 -> 0 | E2: ='Student Surveys'!F3 -> 0 | F2: ='Student Surveys'!G3 -> 0 | G2: ='Student Surveys'!H3 -> 0 | H2: ='Student Surveys'!I3 -> 0 | ... J2: ='Student Surveys'!K3 -> 0 | K2: {=IF(C2="","",INDEX('P.E. Teacher Surveys'!$B$3:$H$1001,MATCH(A2&("*"&C2&"*"),'P.E. Teacher Surveys'!$C$3:$C$1001&'P.E. Teacher Surveys'!$E$3:$E$1001,0),5))} -> #N/A | L2: {=IF(C2="","",INDEX(Form_Responses[#All],MATCH(A2&("*"&C2&"*"),#REF!&#REF!,0),10))} -> #REF! | M2: {=IF(C2="","",INDEX(Form_Responses[#All],MATCH(A2&("*"&C2&"*"),#REF!&#REF!,0),9))} -> #REF!
A3: ='Student Surveys'!B4 -> 0 | B3: ='Student Surveys'!C4 -> 0 | C3: ='Student Surveys'!D4 -> 0 | D3: ='Student Surveys'!E4 -> 0 | E3: ='Student Surveys'!F4 -> 0 | F3: ='Student Surveys'!G4 -> 0 | G3: ='Student Surveys'!H4 -> 0 | H3: ='Student Surveys'!I4 -> 0 | ... J3: ='Student Surveys'!K4 -> 0 | K3: {=IF(C3="","",INDEX('P.E. Teacher Surveys'!$B$3:$H$1001,MATCH(A3&("*"&C3&"*"),'P.E. Teacher Surveys'!$C$3:$C$1001&'P.E. Teacher Surveys'!$E$3:$E$1001,0),5))} -> #N/A | L3: {=IF(C3="","",INDEX(Form_Responses[#All],MATCH(A3&("*"&C3&"*"),#REF!&#REF!,0),10))} -> #REF! | M3: {=IF(C3="","",INDEX(Form_Responses[#All],MATCH(A3&("*"&C3&"*"),#REF!&#REF!,0),9))} -> #REF!
A4: ='Student Surveys'!B5 -> 0 | B4: ='Student Surveys'!C5 -> 0 | C4: ='Student Surveys'!D5 -> 0 | D4: ='Student Surveys'!E5 -> 0 | E4: ='Student Surveys'!F5 -> 0 | F4: ='Student Surveys'!G5 -> 0 | G4: ='Student Surveys'!H5 -> 0 | H4: ='Student Surveys'!I5 -> 0 | ... J4: ='Student Surveys'!K5 -> 0 | K4: {=IF(C4="","",INDEX('P.E. Teacher Surveys'!$B$3:$H$1001,MATCH(A4&("*"&C4&"*"),'P.E. Teacher Surveys'!$C$3:$C$1001&'P.E. Teacher Surveys'!$E$3:$E$1001,0),5))} -> #N/A | L4: {=IF(C4="","",INDEX(Form_Responses[#All],MATCH(A4&("*"&C4&"*"),#REF!&#REF!,0),10))} -> #REF! | M4: {=IF(C4="","",INDEX(Form_Responses[#All],MATCH(A4&("*"&C4&"*"),#REF!&#REF!,0),9))} -> #REF!
A5: ='Student Surveys'!B6 -> 0 | B5: ='Student Surveys'!C6 -> 0 | C5: ='Student Surveys'!D6 -> 0 | D5: ='Student Surveys'!E6 -> 0 | E5: ='Student Surveys'!F6 -> 0 | F5: ='Student Surveys'!G6 -> 0 | G5: ='Student Surveys'!H6 -> 0 | H5: ='Student Surveys'!I6 -> 0 | ... J5: ='Student Surveys'!K6 -> 0 | K5: {=IF(C5="","",INDEX('P.E. Teacher Surveys'!$B$3:$H$1001,MATCH(A5&("*"&C5&"*"),'P.E. Teacher Surveys'!$C$3:$C$1001&'P.E. Teacher Surveys'!$E$3:$E$1001,0),5))} -> #N/A | L5: {=IF(C5="","",INDEX(Form_Responses[#All],MATCH(A5&("*"&C5&"*"),#REF!&#REF!,0),10))} -> #REF! | M5: {=IF(C5="","",INDEX(Form_Responses[#All],MATCH(A5&("*"&C5&"*"),#REF!&#REF!,0),9))} -> #REF!
A6: ='Student Surveys'!B7 -> 0 | B6: ='Student Surveys'!C7 -> 0 | C6: ='Student Surveys'!D7 -> 0 | D6: ='Student Surveys'!E7 -> 0 | E6: ='Student Surveys'!F7 -> 0 | F6: ='Student Surveys'!G7 -> 0 | G6: ='Student Surveys'!H7 -> 0 | H6: ='Student Surveys'!I7 -> 0 | ... J6: ='Student Surveys'!K7 -> 0 | K6: {=IF(C6="","",INDEX('P.E. Teacher Surveys'!$B$3:$H$1001,MATCH(A6&("*"&C6&"*"),'P.E. Teacher Surveys'!$C$3:$C$1001&'P.E. Teacher Surveys'!$E$3:$E$1001,0),5))} -> #N/A | L6: {=IF(C6="","",INDEX(Form_Responses[#All],MATCH(A6&("*"&C6&"*"),#REF!&#REF!,0),10))} -> #REF! | M6: {=IF(C6="","",INDEX(Form_Responses[#All],MATCH(A6&("*"&C6&"*"),#REF!&#REF!,0),9))} -> #REF!
A7: ='Student Surveys'!B8 -> 0 | B7: ='Student Surveys'!C8 -> 0 | C7: ='Student Surveys'!D8 -> 0 | D7: ='Student Surveys'!E8 -> 0 | E7: ='Student Surveys'!F8 -> 0 | F7: ='Student Surveys'!G8 -> 0 | G7: ='Student Surveys'!H8 -> 0 | H7: ='Student Surveys'!I8 -> 0 | ... J7: ='Student Surveys'!K8 -> 0 | K7: {=IF(C7="","",INDEX('P.E. Teacher Surveys'!$B$3:$H$1001,MATCH(A7&("*"&C7&"*"),'P.E. Teacher Surveys'!$C$3:$C$1001&'P.E. Teacher Surveys'!$E$3:$E$1001,0),5))} -> #N/A | L7: {=IF(C7="","",INDEX(Form_Responses[#All],MATCH(A7&("*"&C7&"*"),#REF!&#REF!,0),10))} -> #REF! | M7: {=IF(C7="","",INDEX(Form_Responses[#All],MATCH(A7&("*"&C7&"*"),#REF!&#REF!,0),9))} -> #REF!
A8: ='Student Surveys'!B9 -> 0 | B8: ='Student Surveys'!C9 -> 0 | C8: ='Student Surveys'!D9 -> 0 | D8: ='Student Surveys'!E9 -> 0 | E8: ='Student Surveys'!F9 -> 0 | F8: ='Student Surveys'!G9 -> 0 | G8: ='Student Surveys'!H9 -> 0 | H8: ='Student Surveys'!I9 -> 0 | ... J8: ='Student Surveys'!K9 -> 0 | K8: {=IF(C8="","",INDEX('P.E. Teacher Surveys'!$B$3:$H$1001,MATCH(A8&("*"&C8&"*"),'P.E. Teacher Surveys'!$C$3:$C$1001&'P.E. Teacher Surveys'!$E$3:$E$1001,0),5))} -> #N/A | L8: {=IF(C8="","",INDEX(Form_Responses[#All],MATCH(A8&("*"&C8&"*"),#REF!&#REF!,0),10))} -> #REF! | M8: {=IF(C8="","",INDEX(Form_Responses[#All],MATCH(A8&("*"&C8&"*"),#REF!&#REF!,0),9))} -> #REF!
A9: ='Student Surveys'!B10 -> 0 | B9: ='Student Surveys'!C10 -> 0 | C9: ='Student Surveys'!D10 -> 0 | D9: ='Student Surveys'!E10 -> 0 | E9: ='Student Surveys'!F10 -> 0 | F9: ='Student Surveys'!G10 -> 0 | G9: ='Student Surveys'!H10 -> 0 | H9: ='Student Surveys'!I10 -> 0 | ... J9: ='Student Surveys'!K10 -> 0 | K9: {=IF(C9="","",INDEX('P.E. Teacher Surveys'!$B$3:$H$1001,MATCH(A9&("*"&C9&"*"),'P.E. Teacher Surveys'!$C$3:$C$1001&'P.E. Teacher Surveys'!$E$3:$E$1001,0),5))} -> #N/A | L9: {=IF(C9="","",INDEX(Form_Responses[#All],MATCH(A9&("*"&C9&"*"),#REF!&#REF!,0),10))} -> #REF! | M9: {=IF(C9="","",INDEX(Form_Responses[#All],MATCH(A9&("*"&C9&"*"),#REF!&#REF!,0),9))} -> #REF!
A10: ='Student Surveys'!B11 -> 0 | B10: ='Student Surveys'!C11 -> 0 | C10: ='Student Surveys'!D11 -> 0 | D10: ='Student Surveys'!E11 -> 0 | E10: ='Student Surveys'!F11 -> 0 | F10: ='Student Surveys'!G11 -> 0 | G10: ='Student Surveys'!H11 -> 0 | H10: ='Student Surveys'!I11 -> 0 | ... J10: ='Student Surveys'!K11 -> 0 | K10: {=IF(C10="","",INDEX('P.E. Teacher Surveys'!$B$3:$H$1001,MATCH(A10&("*"&C10&"*"),'P.E. Teacher Surveys'!$C$3:$C$1001&'P.E. Teacher Surveys'!$E$3:$E$1001,0),5))} -> #N/A | L10: {=IF(C10="","",INDEX(Form_Responses[#All],MATCH(A10&("*"&C10&"*"),#REF!&#REF!,0),10))} -> #REF! | M10: {=IF(C10="","",INDEX(Form_Responses[#All],MATCH(A10&("*"&C10&"*"),#REF!&#REF!,0),9))} -> #REF!
A11: ='Student Surveys'!B12 -> 0 | B11: ='Student Surveys'!C12 -> 0 | C11: ='Student Surveys'!D12 -> 0 | D11: ='Student Surveys'!E12 -> 0 | E11: ='Student Surveys'!F12 -> 0 | F11: ='Student Surveys'!G12 -> 0 | G11: ='Student Surveys'!H12 -> 0 | H11: ='Student Surveys'!I12 -> 0 | ... J11: ='Student Surveys'!K12 -> 0 | K11: {=IF(C11="","",INDEX('P.E. Teacher Surveys'!$B$3:$H$1001,MATCH(A11&("*"&C11&"*"),'P.E. Teacher Surveys'!$C$3:$C$1001&'P.E. Teacher Surveys'!$E$3:$E$1001,0),5))} -> #N/A | L11: {=IF(C11="","",INDEX(Form_Responses[#All],MATCH(A11&("*"&C11&"*"),#REF!&#REF!,0),10))} -> #REF! | M11: {=IF(C11="","",INDEX(Form_Responses[#All],MATCH(A11&("*"&C11&"*"),#REF!&#REF!,0),9))} -> #REF!
A12: ='Student Surveys'!B13 -> 0 | B12: ='Student Surveys'!C13 -> 0 | C12: ='Student Surveys'!D13 -> 0 | D12: ='Student Surveys'!E13 -> 0 | E12: ='Student Surveys'!F13 -> 0 | F12: ='Student Surveys'!G13 -> 0 | G12: ='Student Surveys'!H13 -> 0 | H12: ='Student Surveys'!I13 -> 0 | ... J12: ='Student Surveys'!K13 -> 0 | K12: {=IF(C12="","",INDEX('P.E. Teacher Surveys'!$B$3:$H$1001,MATCH(A12&("*"&C12&"*"),'P.E. Teacher Surveys'!$C$3:$C$1001&'P.E. Teacher Surveys'!$E$3:$E$1001,0),5))} -> #N/A | L12: {=IF(C12="","",INDEX(Form_Responses[#All],MATCH(A12&("*"&C12&"*"),#REF!&#REF!,0),10))} -> #REF! | M12: {=IF(C12="","",INDEX(Form_Responses[#All],MATCH(A12&("*"&C12&"*"),#REF!&#REF!,0),9))} -> #REF!
A13: ='Student Surveys'!B14 -> 0 | B13: ='Student Surveys'!C14 -> 0 | C13: ='Student Surveys'!D14 -> 0 | D13: ='Student Surveys'!E14 -> 0 | E13: ='Student Surveys'!F14 -> 0 | F13: ='Student Surveys'!G14 -> 0 | G13: ='Student Surveys'!H14 -> 0 | H13: ='Student Surveys'!I14 -> 0 | ... J13: ='Student Surveys'!K14 -> 0 | K13: {=IF(C13="","",INDEX('P.E. Teacher Surveys'!$B$3:$H$1001,MATCH(A13&("*"&C13&"*"),'P.E. Teacher Surveys'!$C$3:$C$1001&'P.E. Teacher Surveys'!$E$3:$E$1001,0),5))} -> #N/A | L13: {=IF(C13="","",INDEX(Form_Responses[#All],MATCH(A13&("*"&C13&"*"),#REF!&#REF!,0),10))} -> #REF! | M13: {=IF(C13="","",INDEX(Form_Responses[#All],MATCH(A13&("*"&C13&"*"),#REF!&#REF!,0),9))} -> #REF!
... A2000: ='Student Surveys'!B2001 -> 0 | B2000: ='Student Surveys'!C2001 -> 0 | C2000: ='Student Surveys'!D2001 -> 0 | D2000: ='Student Surveys'!E2001 -> 0 | E2000: ='Student Surveys'!F2001 -> 0 | F2000: ='Student Surveys'!G2001 -> 0 | G2000: ='Student Surveys'!H2001 -> 0 | H2000: ='Student Surveys'!I2001 -> 0 | ... J2000: ='Student Surveys'!K2001 -> 0 | K2000: {=IF(C2000="","",INDEX('P.E. Teacher Surveys'!$B$3:$H$1001,MATCH(A2000&("*"&C2000&"*"),'P.E. Teacher Surveys'!$C$3:$C$1001&'P.E. Teacher Surveys'!$E$3:$E$1001,0),5))} -> #N/A | L2000: {=IF(C2000="","",INDEX(Form_Responses[#All],MATCH(A2000&("*"&C2000&"*"),#REF!&#REF!,0),10))} -> #REF! | M2000: {=IF(C2000="","",INDEX(Form_Responses[#All],MATCH(A2000&("*"&C2000&"*"),#REF!&#REF!,0),9))} -> #REF!

Sheet Survey Data >>

Sheet Student Surveys
B2: Date | C2: School | D2: Grade | E2: Age | F2: I feel safer riding a bike. | G2: I feel more excited about biking. | H2: I'd go to another biking class like this in the future. | I2: Today’s class taught me | J2: Would you recommend today’s class to your friends? | K2: Today’s class made me feel

Sheet Facilitator Surveys
A1: Timestamp | B1: Workshop date | C1: Facilitator Name | D1: Grade of students | E1: How many students were present in class today? | F1: How many male students were present? | G1: How many female students were present? | H1: How many nonbinary students were present? | I1: Where was the class conducted? | J1: Was the PE teacher present during class? | K1: PE Teacher's Name | L1: Rate the PE teacher's willingness to participate in the class (i.e., helping with classroom management, completing workshop feedback form, etc.) | M1: Any extra notes about the PE teacher? | N1: How many children were injured? | O1: Any notes on things that stood out about class today? | P1: Approximately how many students completed the course without coaching (i.e., without facilitators stepping in) in the last round? Your best estimate is fine. | Q1: Approximately how many students completed the course with coaching (i.e., facilitators stepped in to help) in the last round? Your best estimate is fine. | R1: School | S1: Column 15 | T1: Column 15

Sheet P.E. Teacher Surveys
B2: Name | C2: Date | D2: School | E2: Grade | F2: Activity (Rodeo or ABC) | G2: Number of recorded sucesses | H2: Number of recorded failures
